{
  "dataset": "locomo10.json",
  "avg_f1": 0.05083694083694083,
  "avg_latency_ms": 6560.789251327515,
  "metrics": [
    0,
    0,
    0.2222222222222222,
    0,
    0,
    0.1,
    0,
    0,
    0.09090909090909091,
    0.09523809523809522
  ]
}